School,Straat,Postcode,Phones,,,
Hanevoet,Oldengaarde 1b,5655 CP Eindhoven,102,,,
Kameleon,Bennekelstraat 135,5654 DD Eindhoven,38,,,
Slingertouw locatie waterrijk ,Waterlinie 260,5658 GA Eindhoven,216,,,
Floralaan,Floralaan-West 264,5644 BN Eindhoven,16,,,
Hasselbraam,Tuinstraat 6,5611 PL Eindhoven,40,,,
Klimboom,St. Norbertuslaan 1,5643 PM Eindhoven,13,,,
Schakel ,Johannes Buijslaan 41,5652 NJ Eindhoven,9,,,
Theresia,Zeelsterstraat 138,5652 EN Eindhoven,147,,,
Reigerlaan,Reigerlaan 3,5613 CD Eindhoven,61,,,
Driestam,Schoenmakerstraat 2,5612 AD Eindhoven,40,,,
,,,,,,
,,,,,,
,,,,,,
